Track URI,Track Name,Album Name,Artist Name(s),Release Date,Duration (ms),Popularity,Explicit,Added By,Added At,Genres,Record Label,Danceability,Energy,Key,Loudness,Mode,Speechiness,Acousticness,Instrumentalness,Liveness,Valence,Tempo,Time Signature
spotify:track:4yNk9iz9WVJikRFle3XEvn,"golden hour","this is what falling in love feels like (554Hz)","JVKE",2022-10-03,209259,78,false,31vxrip5qtkqm6o6uvq567xlect4,2026-03-20T06:21:01Z,"","JVKE",0.515,0.593,4,-4.801,1,0.0322,0.653,0.162,0.25,0.153,94.467,3
spotify:track:1Q7EgiMOuwDcB0PJC6AzON,"Best Part (feat. H.E.R.)","Freudian","Daniel Caesar;H.E.R.",2017-08-25,209831,86,false,31vxrip5qtkqm6o6uvq567xlect4,2026-03-20T06:21:01Z,"r&b","HV Recordings",0.518,0.365,7,-10.215,1,0.0374,0.799,0,0.1,0.437,75.256,4
spotify:track:2uP6t2J5MEwhr9rDkAAzwh,"Get You (feat. Kali Uchis)","Freudian","Daniel Caesar;Kali Uchis",2017-08-25,278179,85,false,31vxrip5qtkqm6o6uvq567xlect4,2026-03-20T06:21:01Z,"","HV Recordings",0.659,0.295,11,-8.528,0,0.0322,0.426,0.0000701,0.0749,0.36,74.037,4
spotify:track:1KA2JLeMi0Mo3hjO0442re,"SUPERPOSITION (feat. John Mayer)","CASE STUDY 01","Daniel Caesar;John Mayer",2019-06-28,263794,74,true,31vxrip5qtkqm6o6uvq567xlect4,2026-03-20T06:21:01Z,"singer-songwriter","HV Recordings",0.587,0.279,4,-11.209,1,0.0408,0.912,0.000127,0.0871,0.334,115.665,4
spotify:track:2Ch7LmS7r2Gy2kc64wv3Bz,"Die For You","Starboy","The Weeknd",2016-11-25,260252,80,false,31vxrip5qtkqm6o6uvq567xlect4,2026-03-20T06:21:01Z,"","The Weeknd/Lyric",0.586,0.525,1,-7.163,0,0.0616,0.111,0,0.134,0.507,133.63,4
spotify:track:09mEdoA6zrmBPgTEN5qXmN,"Call Out My Name","My Dear Melancholy,","The Weeknd",2018-03-30,228373,85,false,31vxrip5qtkqm6o6uvq567xlect4,2026-03-20T06:21:01Z,"","The Weeknd/Lyric",0.461,0.593,1,-4.954,1,0.0356,0.165,0,0.307,0.174,134.165,3
spotify:track:1dGr1c8CrMLDpV6mPbImSI,"Lover","Lover","Taylor Swift",2019-08-23,221306,85,false,31vxrip5qtkqm6o6uvq567xlect4,2026-03-20T06:21:01Z,"","Taylor Swift",0.359,0.543,7,-7.582,1,0.0919,0.492,0.0000158,0.118,0.453,68.534,4
spotify:track:12M5uqx0ZuwkpLp5rJim1a,"Cornelia Street","Lover","Taylor Swift",2019-08-23,287266,74,false,31vxrip5qtkqm6o6uvq567xlect4,2026-03-20T06:21:01Z,"","Taylor Swift",0.824,0.624,0,-9.728,1,0.0827,0.781,0.000189,0.1,0.248,102.012,4
spotify:track:0Jlcvv8IykzHaSmj49uNW8,"the 1","folklore","Taylor Swift",2020-07-24,210251,76,true,31vxrip5qtkqm6o6uvq567xlect4,2026-03-20T06:21:01Z,"","Taylor Swift",0.777,0.357,0,-6.942,1,0.0522,0.757,0.00000728,0.108,0.172,139.884,4
spotify:track:1ZMiCix7XSAbfAJlEZWMCp,"Falling","Fine Line","Harry Styles",2019-12-13,240139,83,false,31vxrip5qtkqm6o6uvq567xlect4,2026-03-20T06:21:01Z,"","Columbia",0.567,0.267,4,-6.502,1,0.0299,0.839,0.00000146,0.089,0.0592,110.011,4
spotify:track:1IF5UcqRO42D12vYwceOY6,"From the Dining Table","Harry Styles","Harry Styles",2017-05-12,211954,71,false,31vxrip5qtkqm6o6uvq567xlect4,2026-03-20T06:21:01Z,"","Columbia",0.671,0.156,8,-16.288,1,0.0371,0.804,0.0518,0.113,0.201,94.08,4
spotify:track:6uvh0In7u1Xn4HgxOfAn8O,"Matilda","Harry's House","Harry Styles",2022-05-20,245964,83,false,31vxrip5qtkqm6o6uvq567xlect4,2026-03-20T06:21:01Z,"","Columbia",0.507,0.294,2,-10,1,0.04,0.896,0.0000197,0.0966,0.386,114.199,4
spotify:track:5GUYJTQap5F3RDQiCOJhrS,"Self Control","Blonde","Frank Ocean",2016-08-20,249667,78,false,31vxrip5qtkqm6o6uvq567xlect4,2026-03-20T06:21:01Z,"","Boys Don't Cry",0.581,0.21,8,-10.426,1,0.0321,0.768,0,0.369,0.452,80.099,4
spotify:track:2LMkwUfqC6S6s6qDVlEuzV,"White Ferrari","Blonde","Frank Ocean",2016-08-20,248807,86,false,31vxrip5qtkqm6o6uvq567xlect4,2026-03-20T06:21:01Z,"","Boys Don't Cry",0.501,0.0958,0,-15.605,1,0.0433,0.77,0,0.298,0.204,108.741,4
spotify:track:43iIQbw5hx986dUEZbr3eN,"From The Start","Bewitched","Laufey",2023-09-08,169573,88,false,31vxrip5qtkqm6o6uvq567xlect4,2026-03-20T06:21:01Z,"","Laufey",0.554,0.339,1,-10.088,1,0.0779,0.886,0.00128,0.11,0.83,80.994,4
spotify:track:6cx5CvFhqN19efStehJqoW,"Valentine","Everything I Know About Love","Laufey",2022-08-26,168906,78,false,31vxrip5qtkqm6o6uvq567xlect4,2026-03-20T06:21:01Z,"","Laufey",0.472,0.204,3,-13.065,1,0.0452,0.917,0,0.107,0.224,82.51,4
spotify:track:7ASFZh1D0DPZro7UXUKGmd,"Loving Is Easy","Loving is Easy","Rex Orange County;Benny Sings",2017-10-11,155720,69,true,31vxrip5qtkqm6o6uvq567xlect4,2026-03-20T06:21:01Z,"bedroom pop","Rex Orange County",0.756,0.609,3,-7.927,1,0.0544,0.217,0.00482,0.0959,0.537,117.024,4
spotify:track:4xqrdfXkTW4T0RauPLv3WA,"Heather","Kid Krow","Conan Gray",2020-03-20,198040,85,false,31vxrip5qtkqm6o6uvq567xlect4,2026-03-20T06:21:01Z,"","Republic Records",0.357,0.425,5,-7.301,1,0.0333,0.584,0,0.322,0.27,102.078,3
spotify:track:2JN3ugW1cEahbYw0I5mw5U,"Astronomy","Superache","Conan Gray",2022-06-24,243907,73,false,31vxrip5qtkqm6o6uvq567xlect4,2026-03-20T06:21:01Z,"","Republic Records",0.474,0.343,4,-8.571,0,0.027,0.578,0.0000265,0.305,0.152,145.115,3
spotify:track:4k6Uh1HXdhtusDW5y8Gbvy,"Bad Habit","Gemini Rights","Steve Lacy",2022-07-15,232114,85,true,31vxrip5qtkqm6o6uvq567xlect4,2026-03-20T06:21:01Z,"","L-M Records/RCA Records",0.686,0.494,1,-7.093,1,0.0355,0.613,0.000058,0.402,0.7,168.946,4
spotify:track:0DmkBOGgEWMbUJlL6VwwF2,"Helmet","Gemini Rights","Steve Lacy",2022-07-15,201510,71,true,31vxrip5qtkqm6o6uvq567xlect4,2026-03-20T06:21:01Z,"","L-M Records/RCA Records",0.612,0.675,9,-6.518,0,0.0231,0.0994,0,0.217,0.763,97.04,4
spotify:track:2TktkzfozZifbQhXjT6I33,"Evergreen (You Didn’t Deserve Me At All)","Ivory","Omar Apollo",2022-04-08,216680,83,false,31vxrip5qtkqm6o6uvq567xlect4,2026-03-20T06:21:01Z,"bedroom pop","Warner Records",0.697,0.336,9,-10.395,1,0.0424,0.598,0.00528,0.107,0.31,82.029,3
spotify:track:613Db7CIngP03SE2pAqTwg,"Done With You","God Said No","Omar Apollo",2024-06-28,158093,44,true,31vxrip5qtkqm6o6uvq567xlect4,2026-03-20T06:21:01Z,"bedroom pop","Warner Records",0.454,0.757,10,-7.487,1,0.0948,0.159,0.000714,0.519,0.833,89.498,4
spotify:track:7jhxagwOk9y1HC5ciRfmkQ,"Invincible (feat. Daniel Caesar)","Ivory","Omar Apollo;Daniel Caesar",2022-04-08,216160,69,false,31vxrip5qtkqm6o6uvq567xlect4,2026-03-20T06:21:01Z,"bedroom pop","Warner Records",0.555,0.474,6,-11.706,0,0.0668,0.224,0.00426,0.162,0.262,134.89,4
spotify:track:7qH9Z4dJEN0l9bidizW7fq,"Anchor","Bathing Beach","Novo Amor",2017-05-26,257533,81,false,31vxrip5qtkqm6o6uvq567xlect4,2026-03-20T06:21:01Z,"ambient folk","AllPoints",0.457,0.407,9,-11.475,1,0.0308,0.805,0.884,0.126,0.126,117.053,4
spotify:track:0u4rkpmNtgcFxYHepnVF4v,"Carry You","Bathing Beach","Novo Amor",2017-05-26,273106,69,false,31vxrip5qtkqm6o6uvq567xlect4,2026-03-20T06:21:01Z,"ambient folk","AllPoints",0.334,0.397,7,-7.993,1,0.0284,0.558,0.0774,0.126,0.035,93.445,4
spotify:track:7CoMBpPTwQi2wPT0U0Nr9b,"State Lines","Birthplace","Novo Amor",2018-10-19,208653,75,false,31vxrip5qtkqm6o6uvq567xlect4,2026-03-20T06:21:01Z,"ambient folk","AllPoints",0.509,0.31,9,-10.623,1,0.0313,0.959,0.229,0.0963,0.151,137.474,3
spotify:track:1oAwsWBovWRIp7qLMGPIet,"Apocalypse","Cigarettes After Sex","Cigarettes After Sex",2017-06-09,290146,89,false,31vxrip5qtkqm6o6uvq567xlect4,2026-03-20T06:21:01Z,"dream pop","Partisan Records",0.369,0.467,5,-9.018,1,0.0274,0.0194,0.46,0.109,0.174,94.473,4
spotify:track:3W7KHojYGgYaoX9ogKO9hU,"Nothing's Gonna Hurt You Baby","I.","Cigarettes After Sex",2012-07-21,286293,83,false,31vxrip5qtkqm6o6uvq567xlect4,2026-03-20T06:21:01Z,"dream pop","Spanish Prayers",0.509,0.331,4,-14.083,1,0.0267,0.272,0.136,0.114,0.0957,96.848,4
spotify:track:769vrAYHcuLwOV0at2hiOf,"Affection","Affection","Cigarettes After Sex",2015-10-05,311000,67,true,31vxrip5qtkqm6o6uvq567xlect4,2026-03-20T06:21:01Z,"dream pop","Spanish Prayers",0.408,0.415,7,-11.257,1,0.0248,0.503,0.906,0.105,0.275,89.801,4
spotify:track:4LGJ2pLDvTRnul3EcZoYkX,"Like Real People Do","Hozier","Hozier",2014-09-19,198029,69,false,31vxrip5qtkqm6o6uvq567xlect4,2026-03-20T06:21:01Z,"","Universal-Island Records Ltd.",0.571,0.183,7,-14.371,1,0.0296,0.914,0.376,0.106,0.13,70.062,3
spotify:track:0SFq19lgG4qbQAZaNZ3xhO,"Movement","Wasteland, Baby!","Hozier",2019-03-01,237800,67,false,31vxrip5qtkqm6o6uvq567xlect4,2026-03-20T06:21:01Z,"","Universal-Island Records Ltd.",0.381,0.502,1,-5.505,0,0.037,0.16,0.0000698,0.0842,0.148,144.204,4
spotify:track:3r8b29rWOWwvxVyq3bSr1I,"Softly","Immunity","Clairo",2019-08-02,185306,66,false,31vxrip5qtkqm6o6uvq567xlect4,2026-03-20T06:21:01Z,"bedroom pop","FADER Label",0.759,0.426,0,-11.449,0,0.0422,0.341,0.00885,0.107,0.779,94.03,4
spotify:track:0HAqq2GcQKyi3s87GuN7jU,"Amoeba","Sling","Clairo",2021-07-16,228922,75,false,31vxrip5qtkqm6o6uvq567xlect4,2026-03-20T06:21:01Z,"bedroom pop","Republic Records",0.739,0.491,6,-11.515,1,0.027,0.791,0.0366,0.1,0.707,111.008,4
spotify:track:56NEihhw1BsIgBBzfvcE76,"Bags","Immunity","Clairo",2019-08-02,260519,80,false,31vxrip5qtkqm6o6uvq567xlect4,2026-03-20T06:21:01Z,"bedroom pop","FADER Label",0.742,0.537,1,-7.914,1,0.0317,0.172,0.421,0.118,0.881,104.994,4
spotify:track:46RNrAkGsqWTDrv2ZPOAbx,"Moon Song","Punisher","Phoebe Bridgers",2020-06-18,277676,70,false,31vxrip5qtkqm6o6uvq567xlect4,2026-03-20T06:21:01Z,"","Dead Oceans",0.339,0.243,1,-12.512,1,0.056,0.869,0.00369,0.107,0.183,154.909,3
spotify:track:5BN59BDczcpxstFKILIH0q,"Savior Complex","Punisher","Phoebe Bridgers",2020-06-18,241640,66,false,31vxrip5qtkqm6o6uvq567xlect4,2026-03-20T06:21:01Z,"","Dead Oceans",0.377,0.44,4,-11.878,1,0.0325,0.931,0.0196,0.105,0.224,128.999,3
spotify:track:4GvdsVns332wQ3JsWAg2OV,"Funeral","Stranger in the Alps (Deluxe Edition)","Phoebe Bridgers",2018-10-02,232373,63,false,31vxrip5qtkqm6o6uvq567xlect4,2026-03-20T06:21:01Z,"","Dead Oceans",0.218,0.263,11,-14.416,1,0.0376,0.947,0.00028,0.0919,0.307,170.724,4
spotify:track:73uJybGAhwGRD9MZYrOmTY,"Death with Dignity","Carrie & Lowell","Sufjan Stevens",2015-03-31,239508,64,false,31vxrip5qtkqm6o6uvq567xlect4,2026-03-20T06:21:01Z,"baroque pop","Asthmatic Kitty",0.514,0.16,4,-21.04,1,0.0383,0.986,0.0176,0.113,0.395,169.898,4
spotify:track:5GbVzc6Ex5LYlLJqzRQhuy,"Mystery of Love","Mystery of Love","Sufjan Stevens",2017-12-01,248960,80,false,31vxrip5qtkqm6o6uvq567xlect4,2026-03-20T06:21:01Z,"baroque pop","Masterworks",0.365,0.273,4,-16.526,0,0.038,0.94,0.431,0.109,0.238,132.285,5
spotify:track:57pY12WBQyIDjNJsmdQGEF,"Tonya Harding (In D major)","Tonya Harding","Sufjan Stevens",2017-12-07,305000,30,false,31vxrip5qtkqm6o6uvq567xlect4,2026-03-20T06:21:01Z,"baroque pop","Asthmatic Kitty",0.323,0.675,2,-9.165,1,0.0414,0.426,0.126,0.0868,0.326,118.494,3
spotify:track:2jdAk8ATWIL3dwT47XpRfu,"Slow Dancing in a Burning Room","Continuum","John Mayer",2006-09-11,241946,71,false,31vxrip5qtkqm6o6uvq567xlect4,2026-03-20T06:21:01Z,"singer-songwriter","Aware/Columbia",0.667,0.361,1,-8.69,0,0.0273,0.575,0.00506,0.0805,0.29,134.018,5
spotify:track:3SktMqZmo3M9zbB7oKMIF7,"Gravity","Continuum","John Mayer",2006-09-11,245773,69,false,31vxrip5qtkqm6o6uvq567xlect4,2026-03-20T06:21:01Z,"singer-songwriter","Aware/Columbia",0.753,0.326,7,-9.883,1,0.0342,0.731,0.00131,0.24,0.237,123.799,3
spotify:track:78DwRIo6Vj6wqteyerGetr,"The Heart of Life","Continuum","John Mayer",2006-09-11,199080,61,false,31vxrip5qtkqm6o6uvq567xlect4,2026-03-20T06:21:01Z,"singer-songwriter","Aware/Columbia",0.495,0.238,1,-11.026,1,0.03,0.958,0.0118,0.0875,0.357,175.958,4
spotify:track:2IqjKEBiz0CdLKdkXhxw84,"Retrograde","Overgrown","James Blake",2013-04-08,223600,63,false,31vxrip5qtkqm6o6uvq567xlect4,2026-03-20T06:21:01Z,"","Polydor Records",0.533,0.251,7,-11.283,0,0.0372,0.873,0.104,0.134,0.186,77.503,4
spotify:track:33BnSMHgX0AsbKSIbkuMwh,"Limit To Your Love","James Blake","James Blake",2011-01-01,276720,54,false,31vxrip5qtkqm6o6uvq567xlect4,2026-03-20T06:21:01Z,"","Polydor Records",0.775,0.281,10,-10.216,0,0.096,0.549,0.242,0.0941,0.0398,139.949,4
spotify:track:688DZF6e1MH5Uf409dwaHm,"The Wilhelm Scream","James Blake","James Blake",2011-01-01,273840,48,false,31vxrip5qtkqm6o6uvq567xlect4,2026-03-20T06:21:01Z,"","Polydor Records",0.546,0.291,7,-12.252,1,0.138,0.784,0.931,0.0894,0.363,169.959,4
spotify:track:3hhbDnFUb2bicI2df6VurK,"River","Coming Home (Deluxe)","Leon Bridges",2015-06-23,238560,77,false,31vxrip5qtkqm6o6uvq567xlect4,2026-03-20T06:21:01Z,"retro soul","Columbia",0.635,0.184,8,-10.785,1,0.0456,0.665,0,0.146,0.177,128.424,4
spotify:track:1Omt5bfz1tZUCqd26HxbS0,"Beyond","Good Thing","Leon Bridges",2018-05-04,240598,75,false,31vxrip5qtkqm6o6uvq567xlect4,2026-03-20T06:21:01Z,"retro soul","Columbia",0.581,0.687,6,-5.4,1,0.105,0.229,0,0.109,0.187,76.014,4
spotify:track:7FxzgizJRGTQ3fxUqfvljg,"Bad Bad News","Good Thing","Leon Bridges",2018-05-04,207309,66,false,31vxrip5qtkqm6o6uvq567xlect4,2026-03-20T06:21:01Z,"retro soul","Columbia",0.783,0.629,5,-6.152,0,0.0607,0.231,0.000536,0.0881,0.7,111.978,4
spotify:track:3B3eOgLJSqPEA0RfboIQVM,"Skinny Love","For Emma, Forever Ago","Bon Iver",2008-02-19,238520,75,false,31vxrip5qtkqm6o6uvq567xlect4,2026-03-20T06:21:01Z,"","Jagjaguwar",0.592,0.263,4,-14.029,0,0.0568,0.845,0.00000568,0.127,0.109,76.366,4
spotify:track:35KiiILklye1JRRctaLUb4,"Holocene","Bon Iver, Bon Iver","Bon Iver",2011-06-21,336613,71,true,31vxrip5qtkqm6o6uvq567xlect4,2026-03-20T06:21:01Z,"","Jagjaguwar",0.374,0.304,1,-14.52,1,0.0302,0.943,0.298,0.126,0.147,147.969,4
spotify:track:20AC70RUlVz6A6dCcQ5tRS,"Re: Stacks","For Emma, Forever Ago","Bon Iver",2008-02-19,401413,67,false,31vxrip5qtkqm6o6uvq567xlect4,2026-03-20T06:21:01Z,"","Jagjaguwar",0.676,0.0812,2,-22.846,1,0.0398,0.979,0.416,0.118,0.314,125.075,4
spotify:track:6UnCGAEmrbGIOSmGRZQ1M2,"Light On","Heard It In A Past Life","Maggie Rogers",2019-01-18,233880,72,false,31vxrip5qtkqm6o6uvq567xlect4,2026-03-20T06:21:01Z,"","Capitol Records",0.657,0.569,2,-6.287,1,0.0542,0.201,0.0000138,0.126,0.399,102.054,4
spotify:track:2CPLGREl5ahzA2WPBMkpxh,"Fallingwater","Heard It In A Past Life","Maggie Rogers",2019-01-18,271200,64,false,31vxrip5qtkqm6o6uvq567xlect4,2026-03-20T06:21:01Z,"","Capitol Records",0.389,0.322,2,-8.933,1,0.0355,0.613,0.000534,0.093,0.453,86.929,4
spotify:track:3lHtxy7keWMXYBQU5LkUXH,"Retrograde","Heard It In A Past Life","Maggie Rogers",2019-01-18,251000,50,true,31vxrip5qtkqm6o6uvq567xlect4,2026-03-20T06:21:01Z,"","Capitol Records",0.73,0.774,1,-5.5,1,0.0463,0.00373,0.00412,0.692,0.326,101.01,4
spotify:track:2L9N0zZnd37dwF0clgxMGI,"ceilings","five seconds flat","Lizzy McAlpine",2022-04-08,182887,81,false,31vxrip5qtkqm6o6uvq567xlect4,2026-03-20T06:21:01Z,"","Harbour Artists & Music",0.516,0.322,9,-11.762,1,0.0292,0.473,0.00194,0.215,0.261,148.005,3
spotify:track:4R2DDseYW2tsmMhvdQQ2Po,"erase me","five seconds flat","Lizzy McAlpine;Jacob Collier",2022-04-08,214468,60,false,31vxrip5qtkqm6o6uvq567xlect4,2026-03-20T06:21:01Z,"","Harbour Artists & Music",0.415,0.45,6,-8.529,0,0.0599,0.578,0.0000282,0.155,0.305,93.17,4
spotify:track:33uKUpu9ZXsHhcxRLoxnWI,"I know it won't work","Good Riddance (Deluxe)","Gracie Abrams",2023-06-16,245629,76,false,31vxrip5qtkqm6o6uvq567xlect4,2026-03-20T06:21:01Z,"","Gracie Abrams, under exclusive license to Interscope Records",0.654,0.584,5,-8.95,0,0.0557,0.536,0.0000337,0.136,0.468,119.896,4
spotify:track:35IcAVSMsU9qzHfpPbvC8A,"Feels Like","This Is What It Feels Like","Gracie Abrams",2021-11-12,152317,72,false,31vxrip5qtkqm6o6uvq567xlect4,2026-03-20T06:21:01Z,"","Gracie Abrams, under exclusive license to Interscope Records",0.617,0.483,11,-7.359,1,0.0458,0.702,0.000216,0.121,0.176,144.99,4
spotify:track:2QdVcmVPIxW826rRJDf58l,"Face To Face","Free Time","Ruel",2019-09-13,203653,56,false,31vxrip5qtkqm6o6uvq567xlect4,2026-03-20T06:21:01Z,"","RCA Records Label",0.711,0.634,9,-4.351,1,0.0668,0.139,0,0.103,0.356,90.04,4
spotify:track:1tNJrcVe6gwLEiZCtprs1u,"3 Nights","Don't Forget About Me, Demos","Dominic Fike",2018-10-16,177666,73,false,31vxrip5qtkqm6o6uvq567xlect4,2026-03-20T06:21:01Z,"","Columbia",0.815,0.518,7,-6.594,0,0.0897,0.223,0,0.104,0.877,151.891,4
spotify:track:04MoJkJzCoU9ukeewv5Vzu,"Happy & Sad","Golden Hour","Kacey Musgraves",2018-03-30,243186,58,false,31vxrip5qtkqm6o6uvq567xlect4,2026-03-20T06:21:01Z,"","Lost Highway/IGA",0.642,0.657,10,-5.246,1,0.0333,0.249,0,0.111,0.658,90,4
spotify:track:79qxwHypONUt3AFq0WPpT9,"Rainbow","Golden Hour","Kacey Musgraves",2018-03-30,214293,66,false,31vxrip5qtkqm6o6uvq567xlect4,2026-03-20T06:21:01Z,"","Lost Highway/IGA",0.581,0.197,3,-7.697,1,0.0329,0.88,0,0.107,0.349,130.367,4
spotify:track:1yYlpGuBiRRf33e1gY61bN,"Night Shift","Historian","Lucy Dacus",2018-03-02,391829,66,true,31vxrip5qtkqm6o6uvq567xlect4,2026-03-20T06:21:01Z,"","Matador",0.48,0.311,9,-7.887,1,0.0258,0.313,0.0000152,0.113,0.162,86.15,4
spotify:track:0KdYYVq1c2kvy69RjczLeX,"Thumbs","Home Video","Lucy Dacus",2021-06-25,265440,41,true,31vxrip5qtkqm6o6uvq567xlect4,2026-03-20T06:21:01Z,"","Matador",0.474,0.0964,7,-15.87,0,0.0406,0.961,0,0.134,0.272,97.595,4
spotify:track:6mX9vCy6Mie9QBlSpa7AGp,"Collapsed In Sunbeams","Collapsed In Sunbeams","Arlo Parks",2021-01-29,54746,34,false,31vxrip5qtkqm6o6uvq567xlect4,2026-03-20T06:21:01Z,"","Transgressive",0.451,0.0954,2,-19.338,0,0.0812,0.964,0.371,0.0887,0.314,99.669,3
spotify:track:0sT4slW2xWai3EwVSiuL9Y,"Eugene","Collapsed In Sunbeams","Arlo Parks",2021-01-29,223413,59,true,31vxrip5qtkqm6o6uvq567xlect4,2026-03-20T06:21:01Z,"","Transgressive",0.694,0.59,7,-7.186,0,0.0341,0.777,0.00773,0.0906,0.891,87.172,4
spotify:track:275XKjLmQFuZnxTvvtJ6VZ,"Never Gonna Be Alone (feat. Lizzy McAlpine & John Mayer)","Djesse Vol. 4","Jacob Collier;Lizzy McAlpine;John Mayer",2024-03-01,250200,59,false,31vxrip5qtkqm6o6uvq567xlect4,2026-03-20T06:21:01Z,"singer-songwriter","Decca (UMO)",0.577,0.423,0,-9.235,1,0.0265,0.587,0.575,0.302,0.281,90.503,4
spotify:track:4hOyjY9EUksjyylV1QZaF3,"Normal","Normal","Sasha Alex Sloan",2018-02-02,192907,45,false,31vxrip5qtkqm6o6uvq567xlect4,2026-03-20T06:21:01Z,"","Good Times Recording",0.758,0.386,5,-10.094,1,0.0646,0.485,0.0000147,0.0966,0.331,120.097,4
spotify:track:52iLDrSoRtf9lcgFuLVfqE,"Older","Older","Sasha Alex Sloan",2018-11-09,191001,69,false,31vxrip5qtkqm6o6uvq567xlect4,2026-03-20T06:21:01Z,"","RCA Records Label",0.681,0.292,11,-9.599,1,0.0483,0.743,0,0.0974,0.162,64.002,4
spotify:track:4VrUT6GeeSRz6MB8tWJSHM,"The Only","The Only","Sasha Alex Sloan",2018-09-06,217167,44,false,31vxrip5qtkqm6o6uvq567xlect4,2026-03-20T06:21:01Z,"","RCA Records Label",0.684,0.259,4,-11.053,0,0.049,0.743,0,0.0751,0.0515,138.014,4
spotify:track:6wdCelHrPh7UfliNjwRTUv,"Leaves","Leaves","Ben&Ben",2017-03-31,310708,70,false,31vxrip5qtkqm6o6uvq567xlect4,2026-03-20T06:21:01Z,"opm,pinoy indie,harana,p-pop,kundiman,parang","Warner Music Philippines",0.447,0.16,6,-10.896,1,0.0372,0.913,0,0.0891,0.205,118.313,3
spotify:track:1yDiru08Q6omDOGkZMPnei,"Maybe The Night","Maybe The Night","Ben&Ben",2017-10-27,217197,67,false,31vxrip5qtkqm6o6uvq567xlect4,2026-03-20T06:21:01Z,"opm,pinoy indie,harana,p-pop,kundiman,parang","Warner Music Philippines",0.572,0.522,2,-9.095,1,0.0367,0.113,0.0000491,0.114,0.498,74.05,4
spotify:track:2dIeraguJ8SoHDqXfSZelZ,"Lava","Lately EP","Still Woozy",2019-05-03,157303,54,false,31vxrip5qtkqm6o6uvq567xlect4,2026-03-20T06:21:01Z,"bedroom pop","Still Woozy Productions Inc., under exclusive license to Interscope Records",0.62,0.616,1,-10.071,1,0.143,0.304,0.00954,0.264,0.67,169.139,4
spotify:track:42Fm8hxhh8i0Zx0Si7XIxd,"Window","If This Isn’t Nice, I Don’t Know What Is","Still Woozy",2021-08-13,139293,60,false,31vxrip5qtkqm6o6uvq567xlect4,2026-03-20T06:21:01Z,"bedroom pop","Still Woozy Productions Inc., under exclusive license to Interscope Records",0.714,0.479,4,-9.381,0,0.188,0.423,0.0000161,0.165,0.625,91.01,4
spotify:track:3tZs3nVjySLbL320lP4mvs,"Focus","H.E.R.","H.E.R.",2017-10-20,200140,67,false,31vxrip5qtkqm6o6uvq567xlect4,2026-03-20T06:21:01Z,"r&b","MBK Entertainment/RCA Records",0.414,0.314,1,-12.943,0,0.0548,0.25,0.0000147,0.117,0.09,84.993,4
spotify:track:6oEVnWKgPqIEPc53OYDNqG,"Could've Been (feat. Bryson Tiller)","I Used To Know Her","H.E.R.;Bryson Tiller",2019-08-30,252750,75,false,31vxrip5qtkqm6o6uvq567xlect4,2026-03-20T06:21:01Z,"r&b,trap soul","MBK Entertainment/RCA Records",0.45,0.352,1,-11.733,0,0.267,0.649,0.0000038,0.249,0.408,102.679,4
spotify:track:2wBCrtJS3E3TimRZ5MElTI,"The Worst","Sail Out","Jhené Aiko",2013-01-01,254493,74,true,31vxrip5qtkqm6o6uvq567xlect4,2026-03-20T06:21:01Z,"r&b","Def Jam Recordings",0.539,0.414,1,-9.156,0,0.0601,0.253,0.0000013,0.143,0.123,94.895,4
spotify:track:03mfJFcTsxfldb0DPI4ygj,"Comfort Inn Ending (Freestyle)","Sail Out","Jhené Aiko",2013-01-01,321826,60,true,31vxrip5qtkqm6o6uvq567xlect4,2026-03-20T06:21:01Z,"r&b","Def Jam Recordings",0.501,0.301,3,-10.8,0,0.0366,0.758,0.00793,0.107,0.179,122.934,4
spotify:track:1vPw8XDPJLMmIaQGHYQ7Pp,"Surrender (feat. Dr. Chill)","Chilombo","Jhené Aiko;Dr. Chill",2020-03-06,257573,43,true,31vxrip5qtkqm6o6uvq567xlect4,2026-03-20T06:21:01Z,"r&b","Def Jam Recordings",0.55,0.464,11,-10.209,0,0.0421,0.624,0.000231,0.107,0.119,134.417,4
spotify:track:3iBgrkexCzVuPy4O9vx7Mf,"Glue Song","Glue Song","beabadoobee",2023-02-14,135066,81,false,31vxrip5qtkqm6o6uvq567xlect4,2026-03-20T06:21:01Z,"bedroom pop","Dirty Hit",0.62,0.409,1,-10.146,1,0.0282,0.77,0.0542,0.105,0.582,113.946,3
spotify:track:429NtPmr12aypzFH3FkN9l,"Coffee","Coffee","beabadoobee",2017-11-04,126824,73,false,31vxrip5qtkqm6o6uvq567xlect4,2026-03-20T06:21:01Z,"bedroom pop","Dirty Hit",0.532,0.137,9,-18.208,1,0.0717,0.982,0.962,0.112,0.301,118.734,4
spotify:track:7eJMfftS33KTjuF7lTsMCx,"death bed (coffee for your head)","death bed (coffee for your head)","Powfu;beabadoobee",2020-02-08,173333,82,false,31vxrip5qtkqm6o6uvq567xlect4,2026-03-20T06:21:01Z,"bedroom pop","Columbia",0.726,0.431,8,-8.765,0,0.135,0.731,0,0.696,0.348,144.026,4
spotify:track:3tJjZMHLqhD8DaGgdBICnc,"Saturn","Atlas: I","Sleeping At Last",2014-07-08,289792,72,false,31vxrip5qtkqm6o6uvq567xlect4,2026-03-20T06:21:02Z,"","Asteroid B-612",0.167,0.237,3,-13.738,1,0.0352,0.638,0.311,0.109,0.0444,145.036,4
spotify:track:62CprXvSWsKBvYu3Yba55A,"Two","Atlas: Enneagram","Sleeping At Last",2019-07-11,258609,55,false,31vxrip5qtkqm6o6uvq567xlect4,2026-03-20T06:21:02Z,"","Asteroid B-612",0.504,0.327,4,-9.49,1,0.0367,0.902,0.00000763,0.445,0.299,132.803,4
spotify:track:5uq3x8Pg8HAj8qNwPFOzfl,"Light","Atlas: I","Sleeping At Last",2014-07-08,262533,64,false,31vxrip5qtkqm6o6uvq567xlect4,2026-03-20T06:21:02Z,"","Asteroid B-612",0.246,0.387,0,-9.022,1,0.0287,0.53,0.00546,0.0689,0.0396,104.995,4
spotify:track:6QpPVC3iLIlWuYsm5kwIke,"Only a Matter of Time","Only a Matter of Time","Joshua Bassett",2021-01-28,194093,45,false,31vxrip5qtkqm6o6uvq567xlect4,2026-03-20T06:21:02Z,"","Warner Records",0.504,0.271,7,-9.988,1,0.0305,0.883,0,0.122,0.45,83.973,5
spotify:track:3XwTKOAP8Syq2GAcKBCAmN,"I Lost a Friend","Blood Harmony","FINNEAS",2019-10-04,237020,61,false,31vxrip5qtkqm6o6uvq567xlect4,2026-03-20T06:21:02Z,"","OYOY, Inc.",0.445,0.206,11,-11.922,1,0.215,0.587,0,0.122,0.215,169.003,4
spotify:track:7zw6nQHTwml1mVuQDf5V6k,"Break My Heart Again","Blood Harmony (Deluxe)","FINNEAS",2020-08-07,237979,68,false,31vxrip5qtkqm6o6uvq567xlect4,2026-03-20T06:21:02Z,"","OYOY, Inc.",0.401,0.151,4,-14.227,0,0.042,0.905,0,0.0942,0.478,144.137,4
spotify:track:43zdsphuZLzwA9k4DJhU0I,"when the party's over","WHEN WE ALL FALL ASLEEP, WHERE DO WE GO?","Billie Eilish",2019-03-29,196077,85,false,31vxrip5qtkqm6o6uvq567xlect4,2026-03-20T06:21:02Z,"","Darkroom/Interscope Records",0.367,0.111,4,-14.084,1,0.0972,0.978,0.0000397,0.0897,0.198,82.642,4
spotify:track:6CcJMwBtXByIz4zQLzFkKc,"i love you","WHEN WE ALL FALL ASLEEP, WHERE DO WE GO?","Billie Eilish",2019-03-29,291796,82,false,31vxrip5qtkqm6o6uvq567xlect4,2026-03-20T06:21:02Z,"","Darkroom/Interscope Records",0.421,0.131,0,-18.435,1,0.0382,0.952,0.00453,0.109,0.12,137.446,4
spotify:track:0u2P5u6lvoDfwTYjAADbn4,"lovely (with Khalid)","lovely (with Khalid)","Billie Eilish;Khalid",2018-04-19,200185,88,false,31vxrip5qtkqm6o6uvq567xlect4,2026-03-20T06:21:02Z,"","Darkroom",0.351,0.296,4,-10.109,0,0.0333,0.934,0,0.095,0.12,115.284,4
spotify:track:00ML9bd4jcQYGJ1h9dWR2q,"Painting Greys","Prologue","Emmit Fenn",2017-06-21,227368,51,false,31vxrip5qtkqm6o6uvq567xlect4,2026-03-20T06:21:02Z,"","TH3RD BRAIN",0.861,0.22,4,-14.332,0,0.0787,0.464,0.0318,0.0896,0.202,133.07,4
spotify:track:39BXEP6c8WA9hzKvVt6YWb,"Without You","Without You","Emmit Fenn;Drew Love",2018-09-05,198240,23,false,31vxrip5qtkqm6o6uvq567xlect4,2026-03-20T06:21:02Z,"","TH3RD BRAIN",0.815,0.211,2,-12.798,1,0.0546,0.735,0.00161,0.107,0.525,89.985,4
spotify:track:18uwL0vNUanqZH0ro2QcOP,"comethru","summer,","Jeremy Zucker",2018-09-28,181613,73,false,31vxrip5qtkqm6o6uvq567xlect4,2026-03-20T06:21:02Z,"","Republic Records",0.796,0.178,0,-11.991,1,0.0572,0.607,0,0.623,0.608,93.976,4
spotify:track:0rbKrBvZUYY9GN9l057BuY,"always, i'll care","love is not dying","Jeremy Zucker",2020-04-17,146160,63,false,31vxrip5qtkqm6o6uvq567xlect4,2026-03-20T06:21:02Z,"","Mercury Records/Republic Owned",0.732,0.221,6,-12.623,1,0.056,0.897,0.0000262,0.11,0.677,105.165,4
spotify:track:4CxFN5zON70B3VOPBYbd6P,"you were good to me","brent","Jeremy Zucker;Chelsea Cutler",2019-05-03,219146,69,false,31vxrip5qtkqm6o6uvq567xlect4,2026-03-20T06:21:02Z,"","Republic Records",0.561,0.0848,2,-15.099,1,0.0404,0.913,0.0000262,0.112,0.206,102.128,4
spotify:track:5vtyFzfLkCSJvXEZFjQAa1,"Your Shirt","Your Shirt","Chelsea Cutler",2017-02-24,232758,54,false,31vxrip5qtkqm6o6uvq567xlect4,2026-03-20T06:21:02Z,"","Ultra Records, LLC",0.426,0.476,2,-6.64,1,0.0741,0.185,0,0.327,0.169,179.793,4
spotify:track:2ptqYXyQ1QdArGjbrTzBaU,"Crazier Things","How To Be Human","Chelsea Cutler",2020-01-17,304560,43,false,31vxrip5qtkqm6o6uvq567xlect4,2026-03-20T06:21:02Z,"","Republic Records",0.606,0.236,2,-13.084,1,0.029,0.73,0.00000337,0.126,0.253,93.104,4
spotify:track:2drtd6SptpMJ1KylMQ7mrE,"circle the drain","color theory","Soccer Mommy",2020-02-28,280213,55,false,31vxrip5qtkqm6o6uvq567xlect4,2026-03-20T06:21:02Z,"indie","Loma Vista Recordings",0.482,0.79,9,-5.221,1,0.038,0.303,0.00028,0.1,0.47,169.064,4
spotify:track:28edLsjhjUFcSYCQDFPMkd,"Sour Breath","Turn Out the Lights","Julien Baker",2017-10-27,184213,42,false,31vxrip5qtkqm6o6uvq567xlect4,2026-03-20T06:21:02Z,"ambient folk","Matador",0.327,0.252,11,-8.703,1,0.0322,0.891,0,0.108,0.126,105.976,4
spotify:track:3jt1ZVIuluGkV0sWWLSUzw,"Appointments","Turn Out the Lights","Julien Baker",2017-10-27,273466,46,false,31vxrip5qtkqm6o6uvq567xlect4,2026-03-20T06:21:02Z,"ambient folk","Matador",0.419,0.273,0,-8.897,1,0.0304,0.938,0.0000408,0.0918,0.0552,110.597,3
spotify:track:3alP0rX4ErhOszTpx6sFN2,"Favor","Little Oblivions","Julien Baker",2021-02-26,278213,40,false,31vxrip5qtkqm6o6uvq567xlect4,2026-03-20T06:21:02Z,"ambient folk","Matador",0.489,0.573,5,-9.008,1,0.0266,0.725,0.216,0.0951,0.266,104.059,4
spotify:track:2Ck6gblyk3UFCVPTh8o3TN,"Youth","If You Leave","Daughter",2013-03-18,253013,67,false,31vxrip5qtkqm6o6uvq567xlect4,2026-03-20T06:21:02Z,"","4AD",0.396,0.535,0,-11.09,1,0.0411,0.889,0.00678,0.116,0.435,146.416,4
spotify:track:2I07Lbee7UvoAdlTAl37AM,"Medicine","The Wild Youth EP","Daughter",2011-11-21,258986,66,false,31vxrip5qtkqm6o6uvq567xlect4,2026-03-20T06:21:02Z,"","Daughter",0.215,0.316,3,-12.201,1,0.0297,0.135,0.244,0.595,0.19,94.627,3
spotify:track:1UNXUhPR9QEAXgV41c7saC,"Landfill","His Young Heart","Daughter",2011-06-06,263809,46,false,31vxrip5qtkqm6o6uvq567xlect4,2026-03-20T06:21:02Z,"","Daughter",0.625,0.481,11,-7.926,0,0.044,0.77,0,0.106,0.397,125.984,4
spotify:track:3ePd4K8tcdfr7KmbuOTrKK,"From Gold","Woodgate, NY","Novo Amor",2014-03-31,214335,65,false,31vxrip5qtkqm6o6uvq567xlect4,2026-03-20T06:21:02Z,"ambient folk","AllPoints",0.392,0.433,5,-13.313,1,0.0364,0.92,0.646,0.0937,0.0432,100.253,4
spotify:track:4sDbdBjuYQVdNNB4PiHUPo,"Coastline","Wanderlust","Hollow Coves",2017-03-17,233973,78,false,31vxrip5qtkqm6o6uvq567xlect4,2026-03-20T06:21:02Z,"indie folk","Nettwerk Music Group",0.67,0.496,2,-11.23,1,0.0277,0.627,0.00319,0.0584,0.427,100.17,4
spotify:track:7s8VgA8OjvwBUuigKzEGBx,"This Is Home","This Is Home","Cavetown",2015-08-03,226073,72,false,31vxrip5qtkqm6o6uvq567xlect4,2026-03-20T06:21:02Z,"bedroom pop","Oat Milk Industries and Alternate Side",0.811,0.266,7,-12.478,1,0.0406,0.56,0.00000105,0.0962,0.211,130.044,4
spotify:track:3Yvk0ZLxMlt6ioasvdN6vB,"Lemon Boy","Lemon Boy","Cavetown",2018-01-01,272902,62,false,31vxrip5qtkqm6o6uvq567xlect4,2026-03-20T06:21:02Z,"bedroom pop","Oat Milk Industries and Many Hats Endeavors",0.509,0.478,4,-10.051,1,0.0392,0.185,0.0000014,0.0891,0.323,139.926,4
spotify:track:4zvHZWOGyL7WcmqHOgtGCW,"Everytime","Roy Pablo","boy pablo",2017-05-19,172941,58,false,31vxrip5qtkqm6o6uvq567xlect4,2026-03-20T06:21:02Z,"bedroom pop","777 Music",0.431,0.663,2,-10.066,1,0.0351,0.0249,0.0397,0.117,0.855,203.908,4
spotify:track:5uIRujGRZv5t4fGKkUTv4n,"Feeling Lonely","Soy Pablo","boy pablo",2018-10-05,197946,56,false,31vxrip5qtkqm6o6uvq567xlect4,2026-03-20T06:21:02Z,"bedroom pop","U OK?",0.633,0.537,6,-10.45,0,0.0544,0.0141,0.0000372,0.103,0.889,117.907,4
spotify:track:75IQVo8hqI1iwVZyvkN2VT,"Show Me How","Show Me How","Men I Trust",2018-02-28,215110,80,false,31vxrip5qtkqm6o6uvq567xlect4,2026-03-20T06:21:02Z,"bedroom pop,indie pop","Indie",0.791,0.271,5,-11.959,1,0.0431,0.672,0.543,0.102,0.564,166.002,4
spotify:track:6Ijmj8Z0L31hCp5pLZnT5U,"Numb","Numb","Men I Trust",2019-04-12,219340,69,false,31vxrip5qtkqm6o6uvq567xlect4,2026-03-20T06:21:02Z,"bedroom pop,indie pop","Independent",0.783,0.303,4,-14.393,1,0.0527,0.811,0.945,0.109,0.65,138.816,4
spotify:track:7fax7NlxOq2X9kMZw8QLE2,"Tailwhip","Tailwhip","Men I Trust",2017-08-18,225263,62,false,31vxrip5qtkqm6o6uvq567xlect4,2026-03-20T06:21:02Z,"bedroom pop,indie pop","Men I Trust",0.8,0.655,9,-8.877,0,0.0416,0.415,0.0074,0.0961,0.598,114.004,4
spotify:track:5eG8QuQKOBvDeCyoOeMkhT,"Alps","Alps","Novo Amor;Lowswimmer",2016-04-15,194160,63,false,31vxrip5qtkqm6o6uvq567xlect4,2026-03-20T06:21:02Z,"ambient folk","AllPoints",0.354,0.311,3,-10.377,1,0.0321,0.965,0.0315,0.204,0.135,146.631,3
spotify:track:5wTYCkvGBXZSS24GhsdcZH,"Sun Hands","Gorilla Manor","Local Natives",2009-11-02,291373,28,false,31vxrip5qtkqm6o6uvq567xlect4,2026-03-20T06:21:02Z,"","Infectious Music",0.577,0.574,2,-9.566,0,0.0486,0.345,0.0943,0.0823,0.438,124.965,4
spotify:track:2035gs6y0OXCTmAJIeCQaK,"Breakers","Hummingbird","Local Natives",2013-01-29,249293,25,false,31vxrip5qtkqm6o6uvq567xlect4,2026-03-20T06:21:02Z,"","Infectious Music",0.5,0.697,4,-5.871,1,0.0474,0.323,0.087,0.271,0.41,127.961,4
spotify:track:4UK1FzhAtEavbZlGRdq70P,"Colombia","Hummingbird","Local Natives",2013-01-29,290333,24,false,31vxrip5qtkqm6o6uvq567xlect4,2026-03-20T06:21:02Z,"","Infectious Music",0.569,0.449,2,-9.311,1,0.031,0.655,0.419,0.112,0.124,119.961,4
spotify:track:7i1DkDc2j0yVsSt3jjDvk3,"Weather","Woodgate, NY","Novo Amor",2014-03-31,232026,59,false,31vxrip5qtkqm6o6uvq567xlect4,2026-03-20T06:21:02Z,"ambient folk","AllPoints",0.527,0.242,6,-13.546,1,0.0313,0.939,0.0435,0.114,0.112,143.848,4
spotify:track:0O4sIQ728ugLlwBVaxF8UM,"Kokomo, IN","Jubilee","Japanese Breakfast",2021-06-04,218744,63,false,31vxrip5qtkqm6o6uvq567xlect4,2026-03-20T06:21:02Z,"","Dead Oceans",0.415,0.665,9,-6.374,1,0.0291,0.0792,0.0000036,0.0926,0.721,202.173,4
spotify:track:2VYnlKxB8jpbCeLUjQsebc,"In A Good Way","I Know I'm Funny haha","Faye Webster",2021-06-25,224680,75,false,31vxrip5qtkqm6o6uvq567xlect4,2026-03-20T06:21:02Z,"","Secretly Canadian",0.587,0.286,9,-8.839,1,0.0315,0.185,0.0288,0.214,0.302,71.123,4
spotify:track:5WbfFTuIldjL9x7W6y5l7R,"Kingston","Atlanta Millionaires Club","Faye Webster",2019-05-24,202653,78,false,31vxrip5qtkqm6o6uvq567xlect4,2026-03-20T06:21:02Z,"","Secretly Canadian",0.73,0.355,10,-9.13,0,0.0359,0.154,0.00155,0.117,0.56,142.143,4
spotify:track:3ruYlsPdwqrvb6mEDcfUUP,"Cheers","I Know I'm Funny haha","Faye Webster",2021-06-25,195626,45,false,31vxrip5qtkqm6o6uvq567xlect4,2026-03-20T06:21:02Z,"","Secretly Canadian",0.614,0.372,6,-8.584,0,0.0373,0.0928,0.359,0.148,0.502,169.911,4
spotify:track:4e4fqjx0Izh4svvTef1z7e,"Meant to Be (feat. Florida Georgia Line)","Expectations","Bebe Rexha;Florida Georgia Line",2018-06-22,164205,72,false,31vxrip5qtkqm6o6uvq567xlect4,2026-03-20T06:39:56Z,"country,pop country,acoustic country","Warner Records",0.642,0.772,10,-6.61,1,0.0848,0.0476,0,0.0646,0.589,153.995,4
spotify:track:74sb4Gib0cL3TQeCjYF8vh,"Lay Me Down","In The Lonely Hour","Sam Smith",2014-05-26,253208,77,false,31vxrip5qtkqm6o6uvq567xlect4,2026-03-20T06:41:32Z,"soft pop","PLG - Capitol",0.418,0.332,4,-9.482,1,0.0492,0.771,0.0000201,0.109,0.171,119.164,4
spotify:track:4uawMXx8VZ7WMrjAVOaCMe,"Bittersweet","Lianne La Havas","Lianne La Havas",2020-07-17,292506,52,false,31vxrip5qtkqm6o6uvq567xlect4,2026-03-20T06:42:19Z,"alternative r&b,soul,pop soul","Warner Records",0.589,0.418,5,-7.456,0,0.0345,0.278,0.000361,0.192,0.277,137.87,4
spotify:track:4HCcvFdHfwR2u3WPPPVRv6,"Green & Gold","Blood","Lianne La Havas",2015-07-17,278200,59,false,31vxrip5qtkqm6o6uvq567xlect4,2026-03-20T06:42:58Z,"alternative r&b,soul,pop soul","WM UK",0.683,0.4,7,-8.458,1,0.052,0.212,0.000324,0.55,0.262,93.966,4
spotify:track:2tej1KSqNuxwywIpY1rDRc,"Hide and Seek","Speak for Yourself (Deluxe Version)","Imogen Heap",2005,268488,64,false,31vxrip5qtkqm6o6uvq567xlect4,2026-03-20T06:47:31Z,"","Megaphonic",0.447,0.17,9,-11.492,1,0.0732,0.896,0,0.195,0.106,121.086,4
spotify:track:7mDTvYD2ieE4Q28XFziMfJ,"Cry","Cry","Cigarettes After Sex",2019-10-25,256799,87,false,31vxrip5qtkqm6o6uvq567xlect4,2026-03-20T21:10:12Z,"dream pop","Partisan Records",0.408,0.397,7,-10.448,1,0.0274,0.755,0.67,0.112,0.163,142.803,4
spotify:track:0SUDiaR0qm30fXVGPjPvRp,"Visions of Gideon","Call Me By Your Name (Original Motion Picture Soundtrack)","Sufjan Stevens",2017-11-03,247808,69,false,31vxrip5qtkqm6o6uvq567xlect4,2026-03-21T21:23:23Z,"baroque pop","Masterworks",0.252,0.314,5,-18.197,0,0.0407,0.942,0.676,0.0892,0.2,75.056,4
spotify:track:0za55KLGfhCOr2TC4RM6dr,"Sofia","Immunity","Clairo",2019-08-02,188386,79,false,31vxrip5qtkqm6o6uvq567xlect4,2026-03-21T21:23:33Z,"bedroom pop","FADER Label",0.741,0.614,0,-10.018,1,0.0393,0.56,0.00385,0.218,0.62,113.002,4
spotify:track:2mdEsXPu8ZmkHRRtAdC09e,"Cinnamon Girl","Norman Fucking Rockwell!","Lana Del Rey",2019-08-30,300683,89,false,31vxrip5qtkqm6o6uvq567xlect4,2026-03-21T21:24:54Z,"","Polydor Records",0.294,0.337,6,-10.614,0,0.036,0.814,0.414,0.14,0.135,91.781,5
spotify:track:3MKhTroJs5GF9H7LqN9fiw,"Devil in Disguise","Devil in Disguise","Marino",2025-07-18,104431,82,false,31vxrip5qtkqm6o6uvq567xlect4,2026-03-21T21:34:58Z,"","broke",0.899,0.403,1,-9.674,0,0.0642,0.508,0.0000287,0.111,0.617,109.982,4
spotify:track:2mlNgAeIBnL78ZriXgrRHz,"Glimpse of Us","SMITHEREENS","Joji",2022-11-04,233453,83,false,31vxrip5qtkqm6o6uvq567xlect4,2026-03-21T21:39:11Z,"","88rising Music",0.441,0.287,8,-9.963,1,0.0448,0.899,0.00000369,0.155,0.272,169.672,3
spotify:track:315aBOUD3xtj7sUMXtRgMV,"In The Stars","Fireworks & Rollerblades","Benson Boone",2024-04-05,216410,83,false,31vxrip5qtkqm6o6uvq567xlect4,2026-03-21T21:39:23Z,"","Night Street Records, Inc./Warner Records Inc.",0.362,0.54,10,-6.031,1,0.0528,0.338,0,0.139,0.3,78.007,3
spotify:track:0nJW01T7XtvILxQgC5J7Wh,"When I Was Your Man","Unorthodox Jukebox","Bruno Mars",2012-12-07,213826,89,false,31vxrip5qtkqm6o6uvq567xlect4,2026-03-21T21:39:31Z,"","Atlantic Records",0.612,0.28,0,-8.648,1,0.0434,0.932,0,0.088,0.387,72.795,4
spotify:track:0NlGoUyOJSuSHmngoibVAs,"All I Want","In A Perfect World (Expanded Edition)","Kodaline",2013-06-17,305746,80,false,31vxrip5qtkqm6o6uvq567xlect4,2026-03-21T21:39:49Z,"","B-Unique/RCA",0.188,0.411,0,-9.733,1,0.0484,0.174,0.153,0.0843,0.159,187.376,3
spotify:track:6oMZhY0f1ReI6AJDDYfuSb,"500 Miles","Peter, Paul and Mary","Peter, Paul and Mary",1962-05-01,162933,75,false,31vxrip5qtkqm6o6uvq567xlect4,2026-03-21T21:39:59Z,"folk,folk rock","Warner Records",0.436,0.0695,7,-19.735,1,0.0298,0.858,0,0.107,0.255,97.128,4
spotify:track:2prqm9sPLj10B4Wg0wE5x9,"BLUE","HIT ME HARD AND SOFT","Billie Eilish",2024-05-17,343120,81,false,31vxrip5qtkqm6o6uvq567xlect4,2026-03-21T21:40:04Z,"","Darkroom/Interscope Records",0.349,0.337,7,-10.671,1,0.0407,0.29,0.172,0.139,0.0365,142.01,4
spotify:track:7wTqEW5nrMhvyEhEyTnOMd,"The Cut That Always Bleeds","Kid Krow","Conan Gray",2020-03-20,231920,84,false,31vxrip5qtkqm6o6uvq567xlect4,2026-03-21T21:40:30Z,"","Republic Records",0.489,0.413,0,-6.499,1,0.0314,0.59,0,0.0639,0.246,136.116,4
spotify:track:3S10HoSu5MxKWkaeJw76nL,"Mockingbird","Mockingbird","fenekot",2022-11-21,93488,55,false,31vxrip5qtkqm6o6uvq567xlect4,2026-03-21T21:40:31Z,"","fenekot",0.797,0.259,6,-10.534,0,0.263,0.851,0.0432,0.126,0.556,171.978,4
spotify:track:4U45aEWtQhrm8A5mxPaFZ7,"Vienna","The Stranger (Legacy Edition)","Billy Joel",1977,214240,84,false,31vxrip5qtkqm6o6uvq567xlect4,2026-03-21T21:40:39Z,"soft rock","Columbia/Legacy",0.532,0.495,10,-6.662,1,0.0343,0.659,0,0.0754,0.308,124.936,4
